Thread ID,Total Thread,Active Threads,User ID,Iteration Number,RequestId,Timestamp,Status,Type,Request
13,30,1,1,1,563361415,2017-11-07 05:55:12.174483,Before Request, Sequential,http://demo.websupergoo.com/imageglue/default.js
13,33,2,1,1,563361415,2017-11-07 05:55:14.624487,After Request, Sequential,http://demo.websupergoo.com/imageglue/default.js
13,33,1,1,1,563361416,2017-11-07 05:55:14.624487,Before Request, Sequential,http://demo.websupergoo.com/imageglue/
13,33,1,1,1,563361416,2017-11-07 05:55:16.534490,After Request, Sequential,http://demo.websupergoo.com/imageglue/
13,33,1,1,1,563361418,2017-11-07 05:55:16.554490,Before Request, Sequential,http://demo.websupergoo.com/imageglue/App_Themes/mystyles.css
13,33,1,1,1,563361418,2017-11-07 05:55:16.854490,After Request, Sequential,http://demo.websupergoo.com/imageglue/App_Themes/mystyles.css
13,33,1,1,1,563361419,2017-11-07 05:55:16.854490,Before Request, Sequential,http://demo.websupergoo.com/imageglue/Common.js
13,33,1,1,1,563361419,2017-11-07 05:55:17.144490,After Request, Sequential,http://demo.websupergoo.com/imageglue/Common.js
13,33,1,1,1,563361420,2017-11-07 05:55:17.144490,Before Request, Sequential,http://demo.websupergoo.com/imageglue/WebResource.axd
13,33,1,1,1,563361420,2017-11-07 05:55:17.464491,After Request, Sequential,http://demo.websupergoo.com/imageglue/WebResource.axd
13,33,1,1,1,563361421,2017-11-07 05:55:17.464491,Before Request, Sequential,http://demo.websupergoo.com/imageglue/images/news/original%20quote.jpg
13,33,1,1,1,563361421,2017-11-07 05:55:17.794491,After Request, Sequential,http://demo.websupergoo.com/imageglue/images/news/original%20quote.jpg
13,33,1,1,1,563361422,2017-11-07 05:55:17.794491,Before Request, Sequential,http://demo.websupergoo.com/imageglue/images/page_bg.gif
13,33,1,1,1,563361422,2017-11-07 05:55:17.794491,After Request, Sequential,http://demo.websupergoo.com/imageglue/images/page_bg.gif
13,33,1,1,1,563361423,2017-11-07 05:55:17.794491,Before Request, Sequential,http://demo.websupergoo.com/imageglue/images/news/original.jpg
13,33,1,1,1,563361423,2017-11-07 05:55:18.114492,After Request, Sequential,http://demo.websupergoo.com/imageglue/images/news/original.jpg
13,33,1,1,1,563361424,2017-11-07 05:55:18.114492,Before Request, Sequential,http://demo.websupergoo.com/imageglue/images/logo.gif
13,33,1,1,1,563361424,2017-11-07 05:55:18.434492,After Request, Sequential,http://demo.websupergoo.com/imageglue/images/logo.gif
13,33,1,1,1,563361425,2017-11-07 05:55:18.434492,Before Request, Sequential,http://demo.websupergoo.com/imageglue/images/body_bg.gif
13,33,1,1,1,563361425,2017-11-07 05:55:18.434492,After Request, Sequential,http://demo.websupergoo.com/imageglue/images/body_bg.gif
13,33,1,1,1,563361428,2017-11-07 05:55:18.434492,Before Request, Sequential,http://demo.websupergoo.com/imageglue/
13,30,1,1,1,563361428,2017-11-07 05:56:36.729662,After Request, Sequential,http://demo.websupergoo.com/imageglue/
13,30,1,1,1,563361430,2017-11-07 05:56:36.729662,Before Request, Sequential,http://demo.websupergoo.com/imageglue/images/news/temp/321c2d1c-dde7-4821-818e-141268d2b438.jpg
13,30,1,1,1,563361430,2017-11-07 05:56:37.689663,After Request, Sequential,http://demo.websupergoo.com/imageglue/images/news/temp/321c2d1c-dde7-4821-818e-141268d2b438.jpg
